prompt, response
Suppose you are near these two buildings (The Getty Center and Skirball Cultural Center) closest being first and furthest away being last; If you had to come up with a vibe of music for the area around this place while taking into account the current time of day which is 10am and weather of the area which is partly cloudy; what would that vibe be?,    Create a relaxing and serene ambiance with music that evokes a sense of tranquility and contemplation; incorporating elements of nature and ambient sounds. The vibe should be uplifting and inspiring; reflecting the beautiful surroundings and the time of day. 
Suppose you are near these two buildings (The Hollywood Bowl andTCL Chinese Theatre) closest being first and furthest away being last; If you had to come up with a vibe of music for the area around this place while taking into account the current time of day which is 8pm and weather of the area which is clear; what would that vibe be?,    Compose a vibrant and energetic playlist that captures the excitement and glamour of Hollywood. The music should have a strong beat; catchy melodies; and uplifting lyrics; reflecting the lively atmosphere and the time of day. 
Suppose you are near these three buildings (The Griffith Observatory; The Greek Theatre; and Hollywood Sign) closest being first and furthest away being last; If you had to come up with a vibe of music for the area around this place while taking into account the current time of day which is 12pm and weather of the area which is sunny; what would that vibe be?,    Generate a playlist that combines the celestial wonder of the Griffith Observatory with the vibrant energy of the Greek Theatre and the iconic allure of the Hollywood Sign. The music should be ethereal and uplifting; with a touch of nostalgia and grandeur. 
Suppose you are near these two buildings (Santa Monica Pier and Venice Beach Boardwalk) closest being first and furthest away being last; If you had to come up with a vibe of music for the area around this place while taking into account the current time of day which is 6pm and weather of the area which is rainy; what would that vibe be?,    Create a playlist that captures the laid-back beach vibes of Santa Monica Pier and Venice Beach Boardwalk. The music should be mellow and atmospheric; with a mix of indie; folk; and electronic sounds; reflecting the relaxed and bohemian atmosphere and the rainy weather. 
Suppose you are near these two buildings (The Broad and Walt Disney Concert Hall) closest being first and furthest away being last; If you had to come up with a vibe of music for the area around this place while taking into account the current time of day which is 4pm and weather of the area which is partly cloudy; what would that vibe be?,    Compose a playlist that blends the sophistication of The Broad with the grandeur of Walt Disney Concert Hall. The music should be eclectic and engaging; with a mix of classical; jazz; and contemporary sounds; reflecting the diverse cultural offerings and the time of day. 
Suppose you are near these two buildings (The Huntington Library; Art Museum; and Botanical Gardens andNorton Simon Museum) closest being first and furthest away being last; If you had to come up with a vibe of music for the area around this place while taking into account the current time of day which is 1pm and weather of the area which is sunny; what would that vibe be?,    Generate a playlist that captures the serenity and beauty of The Huntington Library; Art Museum; and Botanical Gardens and Norton Simon Museum. The music should be peaceful and harmonious; with a focus on classical; ambient; and nature-inspired sounds; reflecting the tranquil surroundings and the time of day. 
Suppose you are near these three buildings (The California Science Center; Natural History Museum of Los Angeles County; and Exposition Park Rose Garden) closest being first and furthest away being last; If you had to come up with a vibe of music for the area around this place while taking into account the current time of day which is 2pm and weather of the area which is clear; what would that vibe be?,    Create a playlist that combines the educational wonders of The California Science Center and Natural History Museum of Los Angeles County with the natural beauty of Exposition Park Rose Garden. The music should be engaging and informative; with a mix of classical; electronic; and nature-inspired sounds; reflecting the diverse offerings and the time of day. 
Suppose you are near these three buildings (LACMA; Petersen Automotive Museum; and The Grove) closest being first and furthest away being last; If you had to come up with a vibe of music for the area around this place while taking into account the current time of day which is 10am and weather of the area which is partly cloudy; what would that vibe be?,    Generate a playlist that captures the artistic and cultural offerings of LACMA and Petersen Automotive Museum; as well as the lively atmosphere of The Grove. The music should be eclectic and engaging; with a mix of classical; jazz; and contemporary sounds; reflecting the diverse attractions and the time of day. 
Suppose you are near these three buildings (The Walt Disney Family Museum; Cartoon Network Studios; and Warner Bros. Studios) closest being first and furthest away being last; If you had to come up with a vibe of music for the area around this place while taking into account the current time of day which is 3pm and weather of the area which is sunny; what would that vibe be?,    Create a playlist that combines the whimsical magic of The Walt Disney Family Museum and Cartoon Network Studios with the iconic legacy of Warner Bros. Studios. The music should be upbeat and engaging; with a mix of classical; jazz; and contemporary sounds; reflecting the creative energy and the time of day. 
Suppose you are near these two buildings (The Grammy Museum and The Staples Center) closest being first and furthest away being last; If you had to come up with a vibe of music for the area around this place while taking into account the current time of day which is 7pm and weather of the area which is clear; what would that vibe be?,    Compose a playlist that captures the musical heritage of The Grammy Museum and the electric atmosphere of The Staples Center. The music should be energetic and uplifting; with a mix of pop; rock; and R&B sounds; reflecting the diverse offerings and the time of day. 
Suppose you are near these two buildings (The Los Angeles County Museum of Art and La Brea Tar Pits) closest being first and furthest away being last; If you had to come up with a vibe of music for the area around this place while taking into account the current time of day which is 12pm and weather of the area which is sunny; what would that vibe be?,    Generate a playlist that combines the artistic wonders of The Los Angeles County Museum of Art with the natural history of La Brea Tar Pits. The music should be eclectic and engaging; with a mix of classical; ambient; and nature-inspired sounds; reflecting the diverse offerings and the time of day. 
Suppose you are near these three buildings (The TCL Chinese Theatre; Dolby Theatre; and El Capitan Theatre) closest being first and furthest away being last; If you had to come up with a vibe of music for the area around this place while taking into account the current time of day which is 5pm and weather of the area which is partly cloudy; what would that vibe be?,    Create a playlist that captures the cinematic magic of The TCL Chinese Theatre; Dolby Theatre; and El Capitan Theatre. The music should be grand and uplifting; with a mix of classical; orchestral; and contemporary sounds; reflecting the iconic landmarks and the time of day. 
Suppose you are near these two buildings (The Getty Villa and The Huntington; Library; Art Museum; and Botanical Gardens) closest being first and furthest away being last; If you had to come up with a vibe of music for the area around this place while taking into account the current time of day which is 2pm and weather of the area which is clear; what would that vibe be?,    Compose a playlist that combines the ancient wonders of The Getty Villa with the artistic and natural beauty of The Huntington; Library; Art Museum; and Botanical Gardens. The music should be serene and evocative; with a mix of classical; world; and ambient sounds; reflecting the diverse offerings and the time of day.
Suppose you are near these three buildings (Dodger Stadium; Chinatown Central Plaza; and Union Station) closest being first and furthest away being last; If you had to come up with a vibe of music for the area around this place while taking into account the current time of day which is 7pm and weather of the area which is partly cloudy; what would that vibe be?,   Create a playlist that captures the energy of Dodger Stadium the cultural heritage of Chinatown Central Plaza and the historic grandeur of Union Station. The music should be eclectic and upbeat with a mix of Latin rhythms classic rock anthems and modern pop. 
Suppose you are near these three buildings (Universal Studios Hollywood;  Universal CityWalk Hollywood; and  Gibson Amphitheatre (now demolished)) closest being first and furthest away being last; If you had to come up with a vibe of music for the area around this place while taking into account the current time of day which is 9pm and weather of the area which is clear; what would that vibe be?,  Compose a playlist that captures the excitement and energy of Universal Studios Hollywood the vibrant atmosphere of Universal CityWalk Hollywood and the legacy of the Gibson Amphitheatre. The music should be a mix of energetic pop rock anthems and iconic movie soundtracks.
Suppose you are near these three buildings (The Aquarium of the Pacific; Shoreline Village; and the Queen Mary) closest being first and furthest away being last; If you had to come up with a vibe of music for the area around this place while taking into account the current time of day which is 5pm and weather of the area which is sunny; what would that vibe be?,  Generate a playlist that captures the wonders of the Aquarium of the Pacific the seaside charm of Shoreline Village and the historical allure of the Queen Mary. The music should be breezy and relaxing with a mix of light pop folk tunes and nautical-inspired melodies.
Suppose you are near these three buildings (CBS Studio Center; Radford Avenue; and The Hollywood Walk of Fame) closest being first and furthest away being last; If you had to come up with a vibe of music for the area around this place while taking into account the current time of day which is 11am and weather of the area which is sunny; what would that vibe be?,  Create a playlist that captures the creative buzz of CBS Studio Center the vintage charm of Radford Avenue and the iconic energy of The Hollywood Walk of Fame. The music should be upbeat and eclectic with a mix of contemporary pop classic rock and old-school Hollywood themes.
Suppose you are near these three buildings (Los Angeles Memorial Coliseum; Exposition Park; and the Los Angeles Memorial Sports Arena) closest being first and furthest away being last; If you had to come up with a vibe of music for the area around this place while taking into account the current time of day which is 10am and weather of the area which is rainy; what would that vibe be?,  Compose a playlist that reflects the historic importance of the Los Angeles Memorial Coliseum and Los Angeles Memorial Sports Arena the vibrancy of Exposition Park and the moodiness of the rainy weather. The music should be a mix of nostalgic melodies orchestral pieces and a touch of melancholy.  
Suppose you are near these three buildings (The Ronald Reagan Presidential Library and Museum; Air Force One Pavilion; and Stagecoach Inn Museum) closest being first and furthest away being last; If you had to come up with a vibe of music for the area around this place while taking into account the current time of day which is 3pm and weather of the area which is clear; what would that vibe be?,  Generate a playlist that captures the patriotic spirit of The Ronald Reagan Presidential Library and Museum the thrill of the Air Force One Pavilion and the Old West charm of Stagecoach Inn Museum. The music should be a mix of classic country Americana and iconic American anthems.
Suppose you are near these three buildings (Battleship USS Iowa Museum; Ports O' Call Village; and the World Cruise Center) closest being first and furthest away being last; If you had to come up with a vibe of music for the area around this place while taking into account the current time of day which is 1pm and weather of the area which is sunny; what would that vibe be?,  Create a playlist that reflects the maritime history of the Battleship USS Iowa Museum the seaside charm of Ports O' Call Village and the excitement of departures at the World Cruise Center. The music should be a mix of seafaring melodies classic rock anthems and nostalgic pop tunes.
Suppose you are near these three buildings (Descanso Gardens; Kidspace Children's Museum; and Storrier Stearns Japanese Garden) closest being first and furthest away being last; If you had to come up with a vibe of music for the area around this place while taking into account the current time of day which is 11am and weather of the area which is cloudy; what would that vibe be?,  Create a whimsical and playful playlist that reflects the beauty of Descanso Gardens the fun-loving spirit of Kidspace Children's Museum and the tranquility of Storrier Stearns Japanese Garden. The music should feature a mix of light classical gentle instrumentals and nature-inspired sounds.
Suppose you are near these three buildings (Travel Town Museum; Los Angeles Live Steamers Railroad Museum; and the Griffith Park & Southern Railroad) closest being first and furthest away being last; If you had to come up with a vibe of music for the area around this place while taking into account the current time of day which is 2pm and weather of the area which is sunny; what would that vibe be?, Compose a playlist that captures the fascination with transportation at the Travel Town Museum and Los Angeles Live Steamers Railroad Museum and the carefree energy of the Griffith Park & Southern Railroad. The music should be upbeat and nostalgic with a mix of Americana honky-tonk and classic train-themed songs.
Suppose you are near these three buildings (Museum of Jurassic Technology; Center for Land Use Interpretation; and the Velaslavasay Panorama) closest being first and furthest away being last; If you had to come up with a vibe of music for the area around this place while taking into account the current time of day which is 6pm and weather of the area which is clear; what would that vibe be?, Generate a playlist that reflects the curious and enigmatic nature of the Museum of Jurassic Technology the focus on human interaction with the land at the Center for Land Use Interpretation and the immersive experience of the Velaslavasay Panorama. The music should be mysterious atmospheric and feature experimental soundscapes.  
Suppose you are near these three buildings (Angels Flight Railway; Grand Central Market; and the Bradbury Building) closest being first and furthest away being last; If you had to come up with a vibe of music for the area around this place while taking into account the current time of day which is 9am and weather of the area which is partly cloudy; what would that vibe be?, Create a playlist that captures the historic charm of Angels Flight Railway the vibrant energy of Grand Central Market and the architectural wonder of the Bradbury Building. The music should be eclectic but sophisticated with a mix of jazz world music and vintage-inspired tunes.
Suppose you are near these three buildings (Los Angeles Zoo;  The Autry Museum of the American West;  and the Travel Town Museum) closest being first and furthest away being last; If you had to come up with a vibe of music for the area around this place while taking into account the current time of day which is 4pm and weather of the area which is sunny; what would that vibe be?, Compose a playlist that reflects the animal wonders of the Los Angeles Zoo the exploration of American history at The Autry Museum of the American West and the fascination with transportation at the Travel Town Museum. The music should be playful energetic and feature a mix of nature sounds western melodies and upbeat pop. 
Suppose you are near these three buildings (California State University Northridge; Orange Grove Park; and the San Fernando Mission) closest being first and furthest away being last; If you had to come up with a vibe of music for the area around this place while taking into account the current time of day which is 2pm and weather of the area which is sunny; what would that vibe be?, Create a playlist that reflects the academic energy of California State University Northridge the natural beauty of Orange Grove Park and the historical significance of the San Fernando Mission. The music should be a mix of inspiring indie rock relaxing instrumental pieces and classic folk with a touch of Latin influence.
Suppose you are near these three buildings (Nethercutt Museum; Nethercutt Collection; and the San Sylmar Museum) closest being first and furthest away being last; If you had to come up with a vibe of music for the area around this place while taking into account the current time of day which is 10am and weather of the area which is cloudy; what would that vibe be?, Compose a playlist that captures the focus on automotive history at the Nethercutt Museum and Nethercutt Collection and the local heritage at the San Sylmar Museum. The music should be a sophisticated mix of classic jazz swing and blues.
Suppose you are near these three buildings (Heritage Square Museum; Lummis House; and Southwest Museum) closest being first and furthest away being last; If you had to come up with a vibe of music for the area around this place while taking into account the current time of day which is 6pm and weather of the area which is clear; what would that vibe be?, Generate a playlist that reflects the focus on historical preservation at Heritage Square Museum and Southwest Museum and the unique architecture of the Lummis House. The music should be atmospheric and evocative with a blend of traditional folk world music and ambient sounds. 
Suppose you are near these three buildings (Museum of Latin American Art; Aquarium of the Pacific; and Pine Avenue Pier) closest being first and furthest away being last; If you had to come up with a vibe of music for the area around this place while taking into account the current time of day which is 8pm and weather of the area which is partly cloudy; what would that vibe be?, Create a playlist that celebrates the cultural vibrancy of the Museum of Latin American Art the marine wonders of the Aquarium of the Pacific and the lively atmosphere of Pine Avenue Pier. The music should be a mix of Latin rhythms modern pop with a tropical twist and nostalgic seaside tunes.
Suppose you are near these three buildings (Battleship USS Iowa Museum; the Korean Bell of Friendship; and Angels Gate Lighthouse) closest being first and furthest away being last; If you had to come up with a vibe of music for the area around this place while taking into account the current time of day which is 12pm and weather of the area which is sunny; what would that vibe be?, Compose a playlist that blends the military history of the Battleship USS Iowa Museum the cultural significance of the Korean Bell of Friendship and the maritime allure of Angels Gate Lighthouse. The music should be a mix of patriotic marches traditional Korean melodies and breezy coastal tunes.  
Suppose you are near these three buildings (Rancho Los Cerritos; Rancho Los Alamitos; and El Dorado Nature Center) closest being first and furthest away being last; If you had to come up with a vibe of music for the area around this place while taking into account the current time of day which is 4pm and weather of the area which is sunny; what would that vibe be?, Create a playlist that captures the early California history of Rancho Los Cerritos and Rancho Los Alamitos and the natural serenity of El Dorado Nature Center. The music should feature a mix of traditional ranchera folk and nature-inspired instrumentals.
Suppose you are near these three buildings (California State University Long Beach; Earl Burns Miller Japanese Garden; and Museum of Latin American Art) closest being first and furthest away being last; If you had to come up with a vibe of music for the area around this place while taking into account the current time of day which is 11am and weather of the area which is sunny; what would that vibe be?, Create a playlist that reflects the academic spirit of California State University Long Beach the tranquil beauty of the Earl Burns Miller Japanese Garden and the vibrant artistic expression of the Museum of Latin American Art.  The music should blend laid-back indie rock serene instrumental pieces and upbeat Latin grooves. 
Suppose you are near these three buildings (La Brea Tar Pits; Petersen Automotive Museum; and Los Angeles County Museum of Art) closest being first and furthest away being last; If you had to come up with a vibe of music for the area around this place while taking into account the current time of day which is 1pm and weather of the area which is cloudy; what would that vibe be?, Compose a playlist that captures the prehistoric wonders of La Brea Tar Pits the sleek designs featured at the Petersen Automotive Museum and the vast art collection at the Los Angeles County Museum of Art. The music should be eclectic and thought-provoking with a mix of modern jazz experimental electronic and classic rock.
Suppose you are near these three buildings (Natural History Museum of Los Angeles County; California African American Museum; and California Science Center ) closest being first and furthest away being last; If you had to come up with a vibe of music for the area around this place while taking into account the current time of day which is 3pm and weather of the area which is sunny; what would that vibe be?, Generate a playlist that reflects the educational offerings of the Natural History Museum California African American Museum and California Science Center. The music should be lively and engaging with a mix of world music funk and educational pop.
Suppose you are near these three buildings (Museum of Neon Art; Clifton Republic; and Bob Baker Marionette Theater) closest being first and furthest away being last; If you had to come up with a vibe of music for the area around this place while taking into account the current time of day which is 8pm and weather of the area which is clear; what would that vibe be?, Create a playlist that captures the retro-cool energy of the Museum of Neon Art the quirky charm of Clifton Republic and the whimsical nostalgia of the Bob Baker Marionette Theater. The music should be a mix of synth-pop electro swing and vintage-inspired tunes.
Suppose you are near these three buildings (Forest Lawn Museum; The Gamble House; and Norton Simon Museum) closest being first and furthest away being last; If you had to come up with a vibe of music for the area around this place while taking into account the current time of day which is 6pm and weather of the area which is partly cloudy; what would that vibe be?, Compose a playlist that reflects the eclectic art collection of the Forest Lawn Museum the architectural masterpiece of The Gamble House and the renowned works at the Norton Simon Museum. The music should be a blend of sophisticated jazz classical music and atmospheric soundscapes.
Suppose you are near these three buildings (Sony Pictures Studios; Culver City Stairs; and Museum of Jurassic Technology) closest being first and furthest away being last; If you had to come up with a vibe of music for the area around this place while taking into account the current time of day which is 4pm and weather of the area which is clear; what would that vibe be?, Generate a playlist that captures the movie magic of Sony Pictures Studios the active vibe of the Culver City Stairs and the enigmatic nature of the Museum of Jurassic Technology. The music should be eclectic with cinematic scores quirky indie tracks and a touch of vintage nostalgia.
Suppose you are near these three buildings (The Paley Center for Media; The Hollywood Museum; and Madame Tussauds Hollywood) closest being first and furthest away being last; If you had to come up with a vibe of music for the area around this place while taking into account the current time of day which is 9pm and weather of the area which is clear; what would that vibe be?, Create a playlist that celebrates the iconic figures and creations showcased at The Paley Center for Media The Hollywood Museum and Madame Tussauds Hollywood. The music should be energetic and star-studded blending pop anthems classic movie soundtracks and theme songs.
Suppose you are near these three buildings (Battleship USS Iowa Museum; Cabrillo Marine Aquarium; and the Korean Bell of Friendship) closest being first and furthest away being last; If you had to come up with a vibe of music for the area around this place while taking into account the current time of day which is 9am and weather of the area which is sunny; what would that vibe be?, Compose a playlist that captures the maritime history of the Battleship USS Iowa Museum the wonders of the Cabrillo Marine Aquarium and the cultural significance of the Korean Bell of Friendship. The music should be a mix of sea shanties playful melodies with nature-inspired sounds and traditional Korean instrumentals.
Suppose you are near these three buildings (The Ebell of Los Angeles; Wilshire Boulevard Temple; and Craft Contemporary) closest being first and furthest away being last; If you had to come up with a vibe of music for the area around this place while taking into account the current time of day which is 7pm and weather of the area which is cloudy; what would that vibe be?, Create a playlist reflecting the elegant architecture of The Ebell of Los Angeles the religious significance of the Wilshire Boulevard Temple and the contemporary works at Craft Contemporary. The music should be evocative and sophisticated with a blend of choral music ambient textures and modern compositions.
Suppose you are near these three buildings (Academy Museum of Motion Pictures; Petersen Automotive Museum; and Los Angeles County Museum of Art) closest being first and furthest away being last; If you had to come up with a vibe of music for the area around this place while taking into account the current time of day which is 12pm and weather of the area which is clear; what would that vibe be?, Generate a playlist that celebrates the cinematic magic of the Academy Museum of Motion Pictures the automotive passion at the Petersen Automotive Museum and the vast art collection at the Los Angeles County Museum of Art. The music should be epic and diverse with iconic film scores classic rock and contemporary pop.
Suppose you are near these three buildings (The Hollywood Bowl; John Anson Ford Amphitheatre; and Yamashiro Historic District) closest being first and furthest away being last; If you had to come up with a vibe of music for the area around this place while taking into account the current time of day which is 8pm and weather of the area which is clear; what would that vibe be?, Create a playlist featuring music that has graced the stages of the Hollywood Bowl and John Anson Ford Amphitheatre and captures the glamorous atmosphere of Yamashiro Historic District. The music should be a captivating mix of orchestral pieces classic singer-songwriters and vintage Hollywood tunes.
Suppose you are near these three buildings (The La Brea Bakery Cafe; The Original Farmers Market; and The Grove) closest being first and furthest away being last; If you had to come up with a vibe of music for the area around this place while taking into account the current time of day which is 5pm and weather of the area which is partly cloudy; what would that vibe be?, Compose a playlist that reflects the casual culinary scene at The La Brea Bakery Cafe the bustling energy of The Original Farmers Market and the lively atmosphere of The Grove. The music should be upbeat and eclectic with a mix of pop indie tunes and international flavors.
Suppose you are near these three buildings (Hollywood Heritage Museum; Paramount Pictures Studios; and the Hollywood Forever Cemetery) closest being first and furthest away being last; If you had to come up with a vibe of music for the area around this place while taking into account the current time of day which is 10pm and weather of the area which is clear; what would that vibe be?, Create a playlist that captures the cinematic legacy of the Hollywood Heritage Museum and Paramount Pictures Studios and the solemn beauty of the Hollywood Forever Cemetery. The music should be a dramatic blend of haunting melodies nostalgic film scores and songs that celebrate life. 
Suppose you are near these three buildings (The Getty Center; Hammer Museum; and Skirball Cultural Center) closest being first and furthest away being last; If you had to come up with a vibe of music for the area around this place while taking into account the current time of day which is 11am and weather of the area which is clear; what would that vibe be?, Generate a playlist inspired by the stunning art and architecture at The Getty Center the contemporary works at the Hammer Museum and the celebration of Jewish culture at the Skirball Cultural Center. The music should be contemplative and sophisticated featuring classical modern experimental and world music selections.
Suppose you are near these three buildings (California State University Dominguez Hills; Aquarium of the Pacific; and Rancho Los Cerritos ) closest being first and furthest away being last; If you had to come up with a vibe of music for the area around this place while taking into account the current time of day which is 3pm and weather of the area which is sunny; what would that vibe be?, Compose a playlist that reflects the academic energy of California State University Dominguez Hills the marine wonders of the Aquarium of the Pacific and the historic charm of Rancho Los Cerritos. The music should be a mix of upbeat indie coastal pop and a touch of California ranchero.
Suppose you are near these three buildings (Watts Towers; Martin Luther King Jr. Memorial; and California African American Museum) closest being first and furthest away being last; If you had to come up with a vibe of music for the area around this place while taking into account the current time of day which is 12pm and weather of the area which is overcast; what would that vibe be?, Create a playlist that celebrates the artistic spirit of the Watts Towers the legacy of Martin Luther King Jr. and the rich cultural history presented at the California African American Museum. The music should be soulful and thought-provoking blending blues gospel and socially conscious hip-hop.
Suppose you are near these three buildings (Japanese American National Museum; Geffen Contemporary at MOCA; and Union Station) closest being first and furthest away being last; If you had to come up with a vibe of music for the area around this place while taking into account the current time of day which is 6pm and weather of the area which is clear; what would that vibe be?, Generate a playlist that reflects the Japanese-American history at the Japanese American National Museum the cutting-edge art at Geffen Contemporary at MOCA and the travel hub of Union Station. The music should be a blend of traditional and modern Japanese music experimental electronic and energetic pop. 
Suppose you are near these three buildings (The Broad; Museum of Contemporary Art Los Angeles; and Walt Disney Concert Hall) closest being first and furthest away being last; If you had to come up with a vibe of music for the area around this place while taking into account the current time of day which is 9am and weather of the area which is partly cloudy; what would that vibe be?, Create a playlist that captures the bold contemporary art of The Broad the thought-provoking works at the Museum of Contemporary Art and the iconic architecture of the Walt Disney Concert Hall. The music should be eclectic but sophisticated with a mix of minimalist classical avant-garde soundscapes and experimental jazz. 
Suppose you are near these three buildings (Leimert Park; California African American Museum; and Baldwin Hills Scenic Overlook) closest being first and furthest away being last; If you had to come up with a vibe of music for the area around this place while taking into account the current time of day which is 7pm and weather of the area which is clear; what would that vibe be?, Compose a playlist that celebrates the heart of Black culture in LA at Leimert Park the heritage showcased at the California African American Museum and the breathtaking views from the Baldwin Hills Scenic Overlook. The music should be soulful and dynamic with a mix of classic R&B modern funk and smooth jazz.
Suppose you are near these three buildings (Echo Park Lake; Dodger Stadium; and Chinatown Central Plaza) closest being first and furthest away being last; If you had to come up with a vibe of music for the area around this place while taking into account the current time of day which is 4pm and weather of the area which is sunny; what would that vibe be?, Create a playlist that captures the laid-back vibe of Echo Park Lake the electrifying energy of Dodger Stadium and the vibrant spirit of Chinatown Central Plaza. The music should be an eclectic mix of indie rock Latin beats and nostalgic pop.
Suppose you are near these three buildings (Los Angeles Convention Center; The Grammy Museum; and L.A. Live) closest being first and furthest away being last; If you had to come up with a vibe of music for the area around this place while taking into account the current time of day which is 10pm and weather of the area which is rainy; what would that vibe be?, Compose a playlist that reflects the event atmosphere of the Los Angeles Convention Center the musical legacy celebrated at The Grammy Museum and the buzzing energy of L.A. Live. The music should be upbeat and star-studded blending pop anthems soulful R&B and a touch of atmospheric electronica.